pair_id	corpus	organism	pair_index	mapping	member_experiment_ids	member_window_indices	member_config_files	member_window_sha256	output_bits	nist_samples	pairing_scheme
dna-arabidopsis-p00	arabidopsis	Arabidopsis thaliana TAIR10.1	0	acgt_2bit	dna-arabidopsis-w00;dna-arabidopsis-w01	0;1	configs/campaigns/dna/reference/dna-arabidopsis-w00.yaml;configs/campaigns/dna/reference/dna-arabidopsis-w01.yaml	7cb678a73e64e3674ba79c5d23ecad67f793fa68d89230b897e4ab372ba2540b;849cc16bfd8cac6baeeddd37e8f2858377d008c5bf9840d9410996f368b2295e	1600000	1600000	BIOENTROPY-HPC-DNA-NIST90B-PAIRING-v1
dna-arabidopsis-p01	arabidopsis	Arabidopsis thaliana TAIR10.1	1	acgt_2bit	dna-arabidopsis-w02;dna-arabidopsis-w03	2;3	configs/campaigns/dna/reference/dna-arabidopsis-w02.yaml;configs/campaigns/dna/reference/dna-arabidopsis-w03.yaml	c3b4f525d5c8fc4f266061f189792501522dbf2258c77710d06e41c03ddebbc4;7ce2649f58afbded21d7dc9e27ba08870551013812740df8bb14ccedf96aa0e8	1600000	1600000	BIOENTROPY-HPC-DNA-NIST90B-PAIRING-v1
dna-arabidopsis-p02	arabidopsis	Arabidopsis thaliana TAIR10.1	2	acgt_2bit	dna-arabidopsis-w04;dna-arabidopsis-w05	4;5	configs/campaigns/dna/reference/dna-arabidopsis-w04.yaml;configs/campaigns/dna/reference/dna-arabidopsis-w05.yaml	e16c90e45fbf01da26b536ad4454dcf0b613c2541c784a5f73c2c406d0269b51;f135ff83b51cf9f4f5552fde446a24e3ce4f0a3a504a367fb36d0b9de8dfe3b6	1600000	1600000	BIOENTROPY-HPC-DNA-NIST90B-PAIRING-v1
dna-arabidopsis-p03	arabidopsis	Arabidopsis thaliana TAIR10.1	3	acgt_2bit	dna-arabidopsis-w06;dna-arabidopsis-w07	6;7	configs/campaigns/dna/reference/dna-arabidopsis-w06.yaml;configs/campaigns/dna/reference/dna-arabidopsis-w07.yaml	facb4d9e0993bc9c527e32f1e55f35ea3ed80482dee8d1f6eb267d599e2172f7;efa9f5e4e475368550d45caca2b4b2de84d09abd1d2dfd387f1623eda2542b71	1600000	1600000	BIOENTROPY-HPC-DNA-NIST90B-PAIRING-v1
dna-arabidopsis-p04	arabidopsis	Arabidopsis thaliana TAIR10.1	4	acgt_2bit	dna-arabidopsis-w08;dna-arabidopsis-w09	8;9	configs/campaigns/dna/reference/dna-arabidopsis-w08.yaml;configs/campaigns/dna/reference/dna-arabidopsis-w09.yaml	9c3a5faf90abbbc10e0e6fdf0c662ff35d8b1e6e0274c3189fed743f1236648b;c2c04fe03c49a392dd74bd48f47b410c25e56e8d47f689941a45a43e4736761f	1600000	1600000	BIOENTROPY-HPC-DNA-NIST90B-PAIRING-v1
dna-bacillus_168-p00	bacillus_168	Bacillus subtilis 168	0	acgt_2bit	dna-bacillus_168-w00;dna-bacillus_168-w01	0;1	configs/campaigns/dna/reference/dna-bacillus_168-w00.yaml;configs/campaigns/dna/reference/dna-bacillus_168-w01.yaml	e97d6024a2a12dd73f74783b7cfd12e06ab5439d092659ee0c10bba5911f3da3;3a027136160eb80fe4fccec35657e0ff05b6183b9f2508a58da6e10c964e4525	1600000	1600000	BIOENTROPY-HPC-DNA-NIST90B-PAIRING-v1
dna-bacillus_168-p01	bacillus_168	Bacillus subtilis 168	1	acgt_2bit	dna-bacillus_168-w02;dna-bacillus_168-w03	2;3	configs/campaigns/dna/reference/dna-bacillus_168-w02.yaml;configs/campaigns/dna/reference/dna-bacillus_168-w03.yaml	9e9126eccf8ac933c9469851f0bf113e3cb5f81e9c7702e7aaeb663c658255c5;ecb816a69befad7094937ca54aa0e8e353d4be04ced9ecbd4f08f9dce4a18e76	1600000	1600000	BIOENTROPY-HPC-DNA-NIST90B-PAIRING-v1
dna-bacillus_168-p02	bacillus_168	Bacillus subtilis 168	2	acgt_2bit	dna-bacillus_168-w04;dna-bacillus_168-w05	4;5	configs/campaigns/dna/reference/dna-bacillus_168-w04.yaml;configs/campaigns/dna/reference/dna-bacillus_168-w05.yaml	d557035fe90e0de3980fd177d7333d6c430445a3c636b7110b0d35e0ac3d0feb;63d1b8f2c27d33fdcce501cdbbd76d10f5b542f24d960223d03ae0db35f2d9f8	1600000	1600000	BIOENTROPY-HPC-DNA-NIST90B-PAIRING-v1
dna-bacillus_168-p03	bacillus_168	Bacillus subtilis 168	3	acgt_2bit	dna-bacillus_168-w06;dna-bacillus_168-w07	6;7	configs/campaigns/dna/reference/dna-bacillus_168-w06.yaml;configs/campaigns/dna/reference/dna-bacillus_168-w07.yaml	c92233de23f2063b62e300fdef275a1011a4fb70fe07017af4f022cb277ff9cf;f555c4a357a50561ce8994a03ebcc8d39a7be1395b64d349ff5bfe5bfb79ffed	1600000	1600000	BIOENTROPY-HPC-DNA-NIST90B-PAIRING-v1
dna-bacillus_168-p04	bacillus_168	Bacillus subtilis 168	4	acgt_2bit	dna-bacillus_168-w08;dna-bacillus_168-w09	8;9	configs/campaigns/dna/reference/dna-bacillus_168-w08.yaml;configs/campaigns/dna/reference/dna-bacillus_168-w09.yaml	998bbebd3e12070b15225e50bc181573a154be695b5139d8a153a453c97618f1;946622122a7a0c07a4147a03493db67c3a143b1c943bb463e38dd44785691763	1600000	1600000	BIOENTROPY-HPC-DNA-NIST90B-PAIRING-v1
dna-celegans-p00	celegans	Caenorhabditis elegans WBcel235	0	acgt_2bit	dna-celegans-w00;dna-celegans-w01	0;1	configs/campaigns/dna/reference/dna-celegans-w00.yaml;configs/campaigns/dna/reference/dna-celegans-w01.yaml	3bbfe2536d885aa6da6ce7094b0704974971f5c2585f9312dcbd2b4b691a097f;fdc5eabb2de43dc5c9b9094a3664e0a5ef172ebaf192e79fb1aec6ff5e1112c6	1600000	1600000	BIOENTROPY-HPC-DNA-NIST90B-PAIRING-v1
dna-celegans-p01	celegans	Caenorhabditis elegans WBcel235	1	acgt_2bit	dna-celegans-w02;dna-celegans-w03	2;3	configs/campaigns/dna/reference/dna-celegans-w02.yaml;configs/campaigns/dna/reference/dna-celegans-w03.yaml	d46cdbeff2e1abb1c2b2d1dd7d11f8ff27f43fde464c80d2be9f469bd6020e51;72f2c7632f7935f75f5bb7c2a3d139ee0a0aa911209b1cc6be333992f27055f6	1600000	1600000	BIOENTROPY-HPC-DNA-NIST90B-PAIRING-v1
dna-celegans-p02	celegans	Caenorhabditis elegans WBcel235	2	acgt_2bit	dna-celegans-w04;dna-celegans-w05	4;5	configs/campaigns/dna/reference/dna-celegans-w04.yaml;configs/campaigns/dna/reference/dna-celegans-w05.yaml	fd4a8bdc0536228dc175d8d693e4744437191e4cdfcfa0e974fcd19184616a1a;381885d50dad3ad349c112b400c600d0979bd675ee56b4c47d181502b86e094c	1600000	1600000	BIOENTROPY-HPC-DNA-NIST90B-PAIRING-v1
dna-celegans-p03	celegans	Caenorhabditis elegans WBcel235	3	acgt_2bit	dna-celegans-w06;dna-celegans-w07	6;7	configs/campaigns/dna/reference/dna-celegans-w06.yaml;configs/campaigns/dna/reference/dna-celegans-w07.yaml	5fce56d11e89d83b720f06259631adddc1f7848c074e4443a478127f38e1dd02;f56ced1b62917d7124b27d5b0f740c3d67ee0d6c78eecfb47d3b94519276b552	1600000	1600000	BIOENTROPY-HPC-DNA-NIST90B-PAIRING-v1
dna-celegans-p04	celegans	Caenorhabditis elegans WBcel235	4	acgt_2bit	dna-celegans-w08;dna-celegans-w09	8;9	configs/campaigns/dna/reference/dna-celegans-w08.yaml;configs/campaigns/dna/reference/dna-celegans-w09.yaml	3789c4b5a06e31a569c26951a13778cabdc638b60e78722ff5932e5f3cb2ae74;c19471eafe0ebcaf060d7792139f2179d6d6c38ed241f76dec6d28dec6827f4f	1600000	1600000	BIOENTROPY-HPC-DNA-NIST90B-PAIRING-v1
dna-ecoli_k12-p00	ecoli_k12	Escherichia coli K-12 MG1655	0	acgt_2bit	dna-ecoli_k12-w00;dna-ecoli_k12-w01	0;1	configs/campaigns/dna/reference/dna-ecoli_k12-w00.yaml;configs/campaigns/dna/reference/dna-ecoli_k12-w01.yaml	b86ca68b4b3055c20d8055bee5f474b630fe1091bd947c68d94f5145ec79931a;7cfaed918b1d14146962aabc7cb9ff7e642fece74591b6cfebc17f0c4b3a61a3	1600000	1600000	BIOENTROPY-HPC-DNA-NIST90B-PAIRING-v1
dna-ecoli_k12-p01	ecoli_k12	Escherichia coli K-12 MG1655	1	acgt_2bit	dna-ecoli_k12-w02;dna-ecoli_k12-w03	2;3	configs/campaigns/dna/reference/dna-ecoli_k12-w02.yaml;configs/campaigns/dna/reference/dna-ecoli_k12-w03.yaml	ff215cd15c428d32f2957a1ff2958eac519ff98f4648a10b5f5308f74e8809ea;1dd83145df0dd7135b9e09ffa3e0dcc7788fb9a62d78e95781e5278bca711e28	1600000	1600000	BIOENTROPY-HPC-DNA-NIST90B-PAIRING-v1
dna-ecoli_k12-p02	ecoli_k12	Escherichia coli K-12 MG1655	2	acgt_2bit	dna-ecoli_k12-w04;dna-ecoli_k12-w05	4;5	configs/campaigns/dna/reference/dna-ecoli_k12-w04.yaml;configs/campaigns/dna/reference/dna-ecoli_k12-w05.yaml	a282eff96e8e515722c069d257e317ca232ddeda448d88adf5fb334eec1216a3;aabb2cd3ba6f5b606bc494c63cf3d773f0aa09ffe633d7825bce3359d75842a5	1600000	1600000	BIOENTROPY-HPC-DNA-NIST90B-PAIRING-v1
dna-ecoli_k12-p03	ecoli_k12	Escherichia coli K-12 MG1655	3	acgt_2bit	dna-ecoli_k12-w06;dna-ecoli_k12-w07	6;7	configs/campaigns/dna/reference/dna-ecoli_k12-w06.yaml;configs/campaigns/dna/reference/dna-ecoli_k12-w07.yaml	a94244188d3c0974bf65321458c90b16eba630454b59771c8750e0867bee8add;075c69b523d3bb085a862f60964ae1fc5dc8edb57da2ab1c9175c804c90c28f0	1600000	1600000	BIOENTROPY-HPC-DNA-NIST90B-PAIRING-v1
dna-ecoli_k12-p04	ecoli_k12	Escherichia coli K-12 MG1655	4	acgt_2bit	dna-ecoli_k12-w08;dna-ecoli_k12-w09	8;9	configs/campaigns/dna/reference/dna-ecoli_k12-w08.yaml;configs/campaigns/dna/reference/dna-ecoli_k12-w09.yaml	f8c1875d0266e529a9cfc81bc63a0726a56d0677c7f3dd2d5a9d3e862ef3d706;0d60f88f575248d8c4b66749f0882aea5439b1c0639a4927b18dbec107167f44	1600000	1600000	BIOENTROPY-HPC-DNA-NIST90B-PAIRING-v1
dna-yeast_s288c-p00	yeast_s288c	Saccharomyces cerevisiae S288C	0	acgt_2bit	dna-yeast_s288c-w00;dna-yeast_s288c-w01	0;1	configs/campaigns/dna/reference/dna-yeast_s288c-w00.yaml;configs/campaigns/dna/reference/dna-yeast_s288c-w01.yaml	b640d50cfc399fb7c120a23870202eeee2313f91cb9d0df0d36d0ac76bed3512;7912116956e29db84d94ed31847287858764c0d1ba554f9cd2a0eb4a6f9b5d36	1600000	1600000	BIOENTROPY-HPC-DNA-NIST90B-PAIRING-v1
dna-yeast_s288c-p01	yeast_s288c	Saccharomyces cerevisiae S288C	1	acgt_2bit	dna-yeast_s288c-w02;dna-yeast_s288c-w03	2;3	configs/campaigns/dna/reference/dna-yeast_s288c-w02.yaml;configs/campaigns/dna/reference/dna-yeast_s288c-w03.yaml	cb50ec9eb6ac7fbc56048e1daa46503ba3ded0372ff0c9b87948df549c3dea5c;da33ae408c35c2596d4da35fdbbc678f5e1c3e4e8ca16109d1691d9d222f25c2	1600000	1600000	BIOENTROPY-HPC-DNA-NIST90B-PAIRING-v1
dna-yeast_s288c-p02	yeast_s288c	Saccharomyces cerevisiae S288C	2	acgt_2bit	dna-yeast_s288c-w04;dna-yeast_s288c-w05	4;5	configs/campaigns/dna/reference/dna-yeast_s288c-w04.yaml;configs/campaigns/dna/reference/dna-yeast_s288c-w05.yaml	77f12c617d8e2de7486a34902efa3305d8a076218a5840238ded280115314f0c;46a4997ecc99699b4699022e8ed4dca375fced558b223bbe553d2b688805322c	1600000	1600000	BIOENTROPY-HPC-DNA-NIST90B-PAIRING-v1
dna-yeast_s288c-p03	yeast_s288c	Saccharomyces cerevisiae S288C	3	acgt_2bit	dna-yeast_s288c-w06;dna-yeast_s288c-w07	6;7	configs/campaigns/dna/reference/dna-yeast_s288c-w06.yaml;configs/campaigns/dna/reference/dna-yeast_s288c-w07.yaml	01f7b35792ef6caaebd7c41b4020a7e7c2facf04a0a2756b2367a4562508bb34;8c1fabfd9cb836fc925cbdddd06c460fa8cb522e023ea8bd2fdb6bf541cfd3c2	1600000	1600000	BIOENTROPY-HPC-DNA-NIST90B-PAIRING-v1
dna-yeast_s288c-p04	yeast_s288c	Saccharomyces cerevisiae S288C	4	acgt_2bit	dna-yeast_s288c-w08;dna-yeast_s288c-w09	8;9	configs/campaigns/dna/reference/dna-yeast_s288c-w08.yaml;configs/campaigns/dna/reference/dna-yeast_s288c-w09.yaml	6a15345a1f2cb1ead1805e3950d6a62491729ea9d10955c1426c1098b3ccac3c;a3fde6fc39983e97d3a97fd5c018614f1aac4447611f306ab72de3059e84bc09	1600000	1600000	BIOENTROPY-HPC-DNA-NIST90B-PAIRING-v1
